[{"line":1,"elements":[{"start_timestamp":"2023-12-06T10:14:30.862Z","before":[{"result":{"error_message":"java.lang.IllegalArgumentException: WebDriver cannot be null\r\n\tat pageObjects.BasePage.<init>(BasePage.java:13)\r\n\tat pageObjects.AccountRegistrationPage.<init>(AccountRegistrationPage.java:11)\r\n\tat stepsDefinition1.LoginSteps1.setup(LoginSteps1.java:46)\r\n","duration":422381800,"status":"failed"},"match":{"location":"stepsDefinition1.LoginSteps1.setup()"}},{"result":{"duration":1002000,"status":"passed"},"match":{"location":"stepsDefinition2.RegistrationStep.setup()"}}],"line":4,"name":"Successful Login with Valid Credentials","description":"","id":"login-with-valid-credentials;successful-login-with-valid-credentials","after":[{"result":{"error_message":"java.lang.NullPointerException: Cannot invoke \"org.openqa.selenium.TakesScreenshot.getScreenshotAs(org.openqa.selenium.OutputType)\" because \"ts2\" is null\r\n\tat stepsDefinition2.RegistrationStep.tearDown(RegistrationStep.java:54)\r\n","duration":2504100,"status":"failed"},"match":{"location":"stepsDefinition2.RegistrationStep.tearDown(io.cucumber.java.Scenario)"}},{"result":{"error_message":"java.lang.NullPointerException: Cannot invoke \"org.openqa.selenium.TakesScreenshot.getScreenshotAs(org.openqa.selenium.OutputType)\" because \"ts1\" is null\r\n\tat stepsDefinition1.LoginSteps1.tearDown(LoginSteps1.java:56)\r\n","status":"failed"},"match":{"location":"stepsDefinition1.LoginSteps1.tearDown(io.cucumber.java.Scenario)"}}],"type":"scenario","keyword":"Scenario","steps":[{"result":{"status":"skipped"},"line":5,"name":"User Launch browser","match":{"location":"stepsDefinition1.LoginSteps1.user_launch_browser()"},"keyword":"Given "},{"result":{"status":"skipped"},"line":6,"name":"opens URL \"https://awesomeqa.com/ui/\"","match":{"arguments":[{"val":"\"https://awesomeqa.com/ui/\"","offset":10}],"location":"stepsDefinition1.LoginSteps1.opens_url(java.lang.String)"},"keyword":"And "},{"result":{"duration":2996800,"status":"skipped"},"line":7,"name":"User navigate to MyAccount menu","match":{"location":"stepsDefinition1.LoginSteps1.user_navigate_to_my_account()"},"keyword":"When "},{"result":{"status":"skipped"},"line":8,"name":"click on Login","match":{"location":"stepsDefinition1.LoginSteps1.click_on_login()"},"keyword":"And "},{"result":{"status":"skipped"},"line":9,"name":"User enters Email as \"sisodiasiddhanth@gmail.com\" and Password as \"test@123\"","match":{"arguments":[{"val":"\"sisodiasiddhanth@gmail.com\"","offset":21},{"val":"\"test@123\"","offset":66}],"location":"stepsDefinition1.LoginSteps1.user_enters_email_as_and_password_as(java.lang.String,java.lang.String)"},"keyword":"And "},{"result":{"status":"skipped"},"line":10,"name":"Click on Login button","match":{"location":"stepsDefinition1.LoginSteps1.click_on_login_button()"},"keyword":"And "},{"result":{"status":"skipped"},"line":11,"name":"User navigates to MyAccount Page","match":{"location":"stepsDefinition1.LoginSteps1.user_navigates_to_my_account_page()"},"keyword":"Then "}],"tags":[{"name":"@module1"}]}],"name":"Login with Valid Credentials","description":"","id":"login-with-valid-credentials","keyword":"Feature","uri":"file:Features/Login.feature","tags":[]},{"line":1,"elements":[{"start_timestamp":"2023-12-06T10:14:31.340Z","before":[{"result":{"error_message":"java.lang.IllegalArgumentException: WebDriver cannot be null\r\n\tat pageObjects.BasePage.<init>(BasePage.java:13)\r\n\tat pageObjects.AccountRegistrationPage.<init>(AccountRegistrationPage.java:11)\r\n\tat stepsDefinition1.LoginSteps1.setup(LoginSteps1.java:46)\r\n","status":"failed"},"match":{"location":"stepsDefinition1.LoginSteps1.setup()"}},{"result":{"status":"passed"},"match":{"location":"stepsDefinition2.RegistrationStep.setup()"}}],"line":3,"name":"Successful registration with valid details","description":"","id":"register-a-new-user;successful-registration-with-valid-details","after":[{"result":{"error_message":"java.lang.NullPointerException: Cannot invoke \"org.openqa.selenium.TakesScreenshot.getScreenshotAs(org.openqa.selenium.OutputType)\" because \"ts2\" is null\r\n\tat stepsDefinition2.RegistrationStep.tearDown(RegistrationStep.java:54)\r\n","status":"failed"},"match":{"location":"stepsDefinition2.RegistrationStep.tearDown(io.cucumber.java.Scenario)"}},{"result":{"error_message":"java.lang.NullPointerException: Cannot invoke \"org.openqa.selenium.TakesScreenshot.getScreenshotAs(org.openqa.selenium.OutputType)\" because \"ts1\" is null\r\n\tat stepsDefinition1.LoginSteps1.tearDown(LoginSteps1.java:56)\r\n","status":"failed"},"match":{"location":"stepsDefinition1.LoginSteps1.tearDown(io.cucumber.java.Scenario)"}}],"type":"scenario","keyword":"Scenario","steps":[{"result":{"status":"skipped"},"line":4,"name":"User launch registration page","match":{"location":"stepsDefinition2.RegistrationStep.user_launch_registration()"},"keyword":"Given "},{"result":{"status":"skipped"},"line":5,"name":"opens the URL \"https://awesomeqa.com/ui/\"","match":{"arguments":[{"val":"\"https://awesomeqa.com/ui/\"","offset":14}],"location":"stepsDefinition2.RegistrationStep.opens_url(java.lang.String)"},"keyword":"And "},{"result":{"duration":1002000,"status":"skipped"},"line":6,"name":"user navigates to MyAccount menu","match":{"location":"stepsDefinition2.RegistrationStep.user_navigates_to_my_account_menu()"},"keyword":"When "},{"result":{"duration":997900,"status":"skipped"},"line":7,"name":"click on register","match":{"location":"stepsDefinition2.RegistrationStep.click_on_register()"},"keyword":"And "},{"result":{"status":"skipped"},"line":8,"name":"I enter my First Name as \"Siddhanth\"","match":{"arguments":[{"val":"\"Siddhanth\"","offset":25}],"location":"stepsDefinition2.RegistrationStep.i_enter_my_first_name_as(java.lang.String)"},"keyword":"And "},{"result":{"status":"skipped"},"line":9,"name":"I enter my Last Name as \"Sisodia\"","match":{"arguments":[{"val":"\"Sisodia\"","offset":24}],"location":"stepsDefinition2.RegistrationStep.i_enter_my_last_name_as(java.lang.String)"},"keyword":"And "},{"result":{"status":"skipped"},"line":10,"name":"I enter my email as \"sidfakeaccount@gmail.com\"","match":{"arguments":[{"val":"\"sidfakeaccount@gmail.com\"","offset":20}],"location":"stepsDefinition2.RegistrationStep.i_enter_my_email_as(java.lang.String)"},"keyword":"And "},{"result":{"status":"skipped"},"line":11,"name":"I enter my telephone as \"90909090909\"","match":{"arguments":[{"val":"\"90909090909\"","offset":24}],"location":"stepsDefinition2.RegistrationStep.i_enter_my_telephone_as(java.lang.String)"},"keyword":"And "},{"result":{"duration":1000900,"status":"skipped"},"line":12,"name":"I set my password as \"test@123\"","match":{"arguments":[{"val":"\"test@123\"","offset":21}],"location":"stepsDefinition2.RegistrationStep.i_set_my_password_as(java.lang.String)"},"keyword":"And "},{"result":{"status":"skipped"},"line":13,"name":"I confirm my password as \"test@123\"","match":{"arguments":[{"val":"\"test@123\"","offset":25}],"location":"stepsDefinition2.RegistrationStep.i_confirm_my_password_as(java.lang.String)"},"keyword":"And "},{"result":{"status":"skipped"},"line":14,"name":"I have read, agreed and clicked the privacy policy checkbox","match":{"location":"stepsDefinition2.RegistrationStep.i_have_read_agreed_and_clicked_the_privacy_policy_checkbox()"},"keyword":"And "},{"result":{"status":"skipped"},"line":15,"name":"I click on the Continue button","match":{"location":"stepsDefinition2.RegistrationStep.i_click_on_the_continue_button()"},"keyword":"And "},{"result":{"status":"skipped"},"line":16,"name":"I should be registered successfully","match":{"location":"stepsDefinition2.RegistrationStep.i_should_be_registered_successfully()"},"keyword":"Then "}],"tags":[{"name":"@module2"}]}],"name":"Register a new user","description":"","id":"register-a-new-user","keyword":"Feature","uri":"file:Features/Registeration.feature","tags":[]}]